﻿geo_point;geo_shape;id_pr;nom_b2c;nom_pr;adresses;id_gares_g;nom_gare;id_ref_zdc;nom_zdc;tc;etat_pr;config_pr;mes_date;exploit_pr;pl_pr;pl_lda;pl_vp;pl_pmr;pl_cov;pl_ap;pl_elec;pl_elec_pmr;pl_2rm;pl_velo;label_pr;tarif_type;insee_com;nom_com;dpt;x_l93;y_l93;pr_evenement;lieu_evenement;autoroutes;url_en_savoir;reservation
48.475539224701, 2.691506665898;"{""coordinates"": [2.691506665898509, 48.47553922470165], ""type"": ""Point""}";107;Parking relais BOIS-LE-ROI SUD;BOIS-LE-ROI SUD;Place de la Gare, 77590 BOIS LE ROI;58;Bois-le-Roi;61727;Bois-le-Roi;TRAIN R;MES;Sol;04/11/2019;Effia;257;;249;;2;0;4;;15;;PR labellisé MES;Payant;77037;Bois-le-Roi;77 - Seine -et-Marne;677199.2340000002;6819519.715000003;jop;Tous sites Paris 2024;A5,A6;https://www.effia.com/parking/parking-gare-de-bois-le-roi-sud-pr-effia;oui
48.903311706998, 2.81056319085;"{""coordinates"": [2.81056319085, 48.903311706998], ""type"": ""Point""}";32;Parking relais Stade Nautique de Vaires-sur-Marne ESBLY;ESBLY;Rue Felix Faure - Rue Gallieni, 77450 ESBLY;14;Esbly;68653;Esbly;TRAIN P;MES;Mixte;01/07/2022;Effia;642;;638;;4;;6;1;10;;PR labellisé MES;Payant;77171;Esbly;77 - Seine -et-Marne;701950.6946486235;6873208.836064076;jop;Stade Nautique de Vaires-sur-Marne;A4;https://www.effia.com/en/product/2183;oui
49.049196761176, 2.036930406524;"{""coordinates"": [2.03693040652407, 49.04919676117662], ""type"": ""Point""}";404;Parking relais GENOTTES;GENOTTES;17 avenue des Genottes, 95800 CERGY;277;Cergy - Saint-Christophe;66858;Cergy - Saint-Christophe;RER A,TRAIN L;MES;Ouvrage;01/05/2017;Effia;612;;599;;;;3;;10;;PR labellisé MES;Payant;95127;Cergy;95 - Val-d'Oise;629598.9470000002;6883687.318000003;jop;Tous sites Paris 2024;A15;https://www.effia.com/parking/parking-cergy-pontoise-genottes-effia;oui
48.724269906088, 2.262575046448;"{""coordinates"": [2.262575046448, 48.724269906088], ""type"": ""Point""}";2001;Parking relais Le Golf National, Château de Versailles MASSY PALAIS DES CONGRES;MASSY PALAIS DES CONGRES;Place du Grand Ouest, 91300 MASSY;169;Massy-Palaiseau;63244;Massy - Palaiseau;RER B,RER C;MES;Ouvrage;;Effia;;;;;;;;;;;PR non labellisé;;91377;Massy;91 - Essonne;645743.285;6847401.745;jop;Le Golf National,Château de Versailles;A6,A10,A11;https://www.effia.com/parking/parking-massy-palais-des-congres-effia;oui
48.8022817422, 1.815676983457;"{""coordinates"": [1.815676983457, 48.8022817422], ""type"": ""Point""}";155;Parking relais Château de Versailles MONTFORT L'AMAURY MERE P1;MONTFORT L'AMAURY MERE P1;Avenue du pigeon bleue, 78490 MERE;90;Montfort-L'Amaury-Méré;63955;Montfort-l'Amaury - Méré;TRAIN N;MES;Sol;;Effia;;;;;;;;;;;PR non labellisé;;78420;Montfort-l'Amaury;78 - Yvelines;613017.558717;6856458.27343;jop;Château de Versailles;A13;https://www.effia.com/parking/parking-gare-de-montfort-lamaury-mere-p1-effia;oui
49.132970704215, 2.28160721555;"{""coordinates"": [2.28160721555004, 49.13297070421504], ""type"": ""Point""}";396;Parking relais NOINTEL - MOURS;NOINTEL - MOURS;Rue de la gare, 95590 NOINTEL;269;Nointel - Mours;67227;Nointel - Mours;TRAIN H;MES;Sol;01/04/2021;Effia;265;;256;;2;;4;1;;;PR labellisé MES;Gratuit SDPR;95452;Nointel;95 - Val-d'Oise;647569.18;6892813.788999998;jop;Tous sites Paris 2024;A16;https://www.effia.com/parking/parking-gare-de-nointel-mours-pr-effia;non
49.030281500996, 2.6992184129;"{""coordinates"": [2.699218412904629, 49.03028150099631], ""type"": ""Point""}";73;Parking relais DAMMARTIN SUD;DAMMARTIN SUD;Route de Juilly, 77230 ST MARD;37;Dammartin - Juilly - Saint-Mard;69254;Dammartin - Juilly - Saint-Mard;TRAIN K;MES;Sol;04/11/2019;Effia;208;;208;;0;0;0;;4;;PR labellisé MES;Gratuit SDPR;77420;Saint-Mard;77 - Seine -et-Marne;678004.1529999999;6881196.240000005;jop;Tous sites Paris 2024;A1;https://www.effia.com/parking/parking-gare-de-dammartin-sud-pr-effia;oui
48.980602329633, 2.268420718998;"{""coordinates"": [2.26842071899866, 48.9806023296337], ""type"": ""Point""}";332;Parking relais ERMONT - EAUBONNE;ERMONT - EAUBONNE;1 rue Raoul Dautry, 95120 ERMONT;223;Ermont - Eaubonne;65669;Ermont - Eaubonne;RER C,TRAIN H,TRAIN J;MES;Ouvrage;30/05/2016;Effia;498;;488;;0;0;3;;8;27;PR labellisé MES;Payant;95219;Ermont;95 - Val-d'Oise;646449.8119999999;6875877.581000001;jop;Tous sites Paris 2024;A15;https://www.effia.com/parking/parking-gare-dermont-eaubonne-pr-effia;oui
48.810023006306, 1.765272940188;"{""coordinates"": [1.765272940188639, 48.81002300630603], ""type"": ""Point""}";547;Parking relais Château de Versailles GARANCIERES - LA QUEUE NORD P2;GARANCIERES - LA QUEUE SUD P2;2-4 rue du clos de l'Abreuvoir, 78940 LA QUEUE LES YVELINES;104;Garancières - La Queue;64025;Garancières - La Queue;TRAIN N;MES;Sol;02/11/2020;Effia;91;;89;;2;0;2;;3;;PR labellisé MES;Payant;78265;Garancières;78 - Yvelines;609326.1660000002;6857370.209999999;jop;Château de Versailles;A13;https://www.effia.com/parking/parking-gare-de-garancieres-la-queue-p2-pr-effia;oui
48.75616341544, 1.945904227411;"{""coordinates"": [1.945904227411, 48.75616341544], ""type"": ""Point""}";139;Parking relais Vélodrome National, Coline d'Elancourt, Le Golf National, Château de Versailles LA VERRIERE;LA VERRIERE;Avenue Guy Schuler, 78320 LA VERRIERE;82;La Verrière;63426;La Verrière;TRAIN N,TRAIN U;MES;Ouvrage;24/08/2023 00:00;Effia;900;;;;;;;;;;PR labellisé MES;Payant;78644;La Verrière;78 - Yvelines;622483.355;6851336.491;jop;Vélodrome National,Colline d'Elancourt,Le Golf National,Château de Versailles;A11,A13;https://www.effia.com/parking/parking-gare-de-la-verriere-saint-quentin-en-yvelines-effia;non
48.815493999986, 1.876956999999;"{""coordinates"": [1.876957, 48.81549399998624], ""type"": ""Point""}";153;Parking relais Château de Versailles VILLIERS - NEAUPHLE - PONTCHARTRAIN P1;VILLIERS - NEAUPHLE - PONTCHARTRAIN P1;Rue de la gare, 78640 VILLIERS ST FREDERIC;89;Villiers  -Neauphle - Pontchartrain;424296;Villiers - Neauphle - Pontchartrain;TRAIN N;MES;Sol;01/10/2019;Effia;82;;80;;;;;;;;PR labellisé MES;Payant;78683;Villiers-Saint-Frédéric;78 - Yvelines;617535.9054572117;6857856.023075146;jop;Château de Versailles;A13;https://www.effia.com/parking/parking-gare-de-villiers-neauphle-p1-pr-effia;non
48.814991380785, 1.878053948679;"{""coordinates"": [1.87805394867941, 48.814991380785635], ""type"": ""Point""}";546;Parking relais Château de Versailles VILLIERS - NEAUPHLE - PONTCHARTRAIN P2;VILLIERS - NEAUPHLE - PONTCHARTRAIN P2;Place de la gare, 78640 VILLIERS ST FREDERIC;89;Villiers - Neauphle - Pontchartrain;424296;Villiers - Neauphle - Pontchartrain;TRAIN N;MES;Sol;01/10/2019;Effia;186;;177;;4;;4;1;2;;PR labellisé MES;Payant;78683;Villiers-Saint-Frédéric;78 - Yvelines;617615.654;6857798.997000001;jop;Château de Versailles;A13;https://www.effia.com/parking/parking-gare-de-villiers-neauphle-p2-pr-effia;non
48.872275491387, 2.783083491693;"{""coordinates"": [2.783083491693, 48.872275491387], ""type"": ""Point""}";505;Parking relais Stade Nautique de Vaires-sur-Marne MARNE-LA-VALLEE;MARNE-LA-VALLEE;Place des Passagers du Vent, 77700 CHESSY;440;Marne-la-Vallée-Chessy;68385;Marne-la-Vallée Chessy;RER A;MES;Ouvrage;;Effia;818;;;;;;;;;;PR non labellisé;Payant;;;78 - Yvelines;;;jop;Stade Nautique de Vaires-sur-Marne;A4;https://www.effia.com/parking/parking-gare-de-chessy-marne-la-vallee-disneyland-paris-effia;NA
48.788995243417, 2.045276790206;"{""coordinates"": [2.045276790206169, 48.788995243417034], ""type"": ""Point""}";132;Parking relais Vélodrome National, Coline d'Elancourt, Le Golf National, Château de Versailles JEAN BERTIN;JEAN BERTIN;Avenue de Lunca, 78180 MONTIGNY LE BRETONNEUX;80;Saint-Quentin-en-Yvelines;63812;Saint-Quentin-en-Yvelines;TRAIN N,TRAIN U,RER C;MES;Ouvrage;01/01/2014;Effia;200;;194;;;;;;;;PR labellisé MES;Payant;78423;Montigny-le-Bretonneux;78 - Yvelines;629859.2060000001;6854747.239999996;jop;Vélodrome National,Colline d'Elancourt,Le Golf National,Château de Versailles;A13;https://www.effia.com/parking/parking-saint-quentin-en-yvelines-jean-bertin-pr-effia;oui
48.625679482778, 2.432833331856;"{""coordinates"": [2.432833331856, 48.625679482778], ""type"": ""Point""}";302;Parking relais EVRY SABATIER;EVRY SABATIER;Desserte des Passages, desserte Paul SABATIER, 91000 EVRY;203;Évry Courcouronnes;60450;Évry - Courcouronnes;RER D;MES;Ouvrage;;Effia;876;;;;;;;;;;PR non labellisé;;91228;Évry-Courcouronnes;91 - Essonne;658203.442809;6836313.09222;jop;Tous sites Paris 2024;A5,A6;https://www.effia.com/parking/parking-evry-sabatier-effia?vehicle=AUTO&qty=1&premium=FALSE&electric=FALSE&orderType=default;non
48.810814923651, 1.765450487604;"{""coordinates"": [1.765450487604129, 48.810814923651414], ""type"": ""Point""}";176;Parking relais Château de Versailles GARANCIERES - LA QUEUE NORD P1;GARANCIERES - LA QUEUE NORD P1;Route de la Gare, 78890 GARANCIERES;104;Garancières - La Queue;64025;Garancières - La Queue;TRAIN N;MES;Sol;05/10/2020;Effia;124;;118;;2;0;2;;3;;PR labellisé MES;Payant;78265;Garancières;78 - Yvelines;609340.58;6857458.0490000015;jop;Château de Versailles;A13;https://www.effia.com/parking/parking-gare-de-garancieres-la-queue-p1-pr-effia;oui
48.725194912097, 2.256147258898;"{""coordinates"": [2.25614725889808, 48.725194912097905], ""type"": ""Point""}";255;Parking relais Le Golf National, Château de Versailles VILMORIN;VILMORIN;87 rue Raymond Aron, 91300 MASSY;169;Massy-Palaiseau;63244;Massy - Palaiseau;RER B,RER C;MES;Ouvrage;27/12/2010;Effia;400;;385;;;;6;;6;10;PR labellisé MES;Gratuit SDPR;91377;Massy;91 - Essonne;645283.911685786;6847487.273251014;jop;Le Golf National,Château de Versailles;A6,A10,A11;https://www.effia.com/parking/parking-gare-de-massy-vilmorin-pr-effia;NA
49.01576025937, 2.079817694428;"{""coordinates"": [2.079817694428088, 49.015760259370246], ""type"": ""Point""}";507;Parking relais NEUVILLE;NEUVILLE;Rue d'Eragny, 95000 NEUVILLE SUR OISE;444;Neuville Université;66436;Neuville Université;RER A,TRAIN L;MES;Sol;01/01/2012;Effia;747;;731;;;;6;;;;PR labellisé MES;Payant;95450;Neuville-sur-Oise;95 - Val-d'Oise;632690.5589999998;6879931.605000001;jop;Tous sites Paris 2024;A15;https://www.effia.com/parking/parking-cergy-pontoise-neuville-effia;non
49.048947287555, 2.010584105597;"{""coordinates"": [2.010584105597989, 49.048947287555826], ""type"": ""Point""}";508;Parking relais 3 GARES;3 GARES;3 cours des Merveilles, 95000 CERGY;445;Cergy - Le Haut;66834;Cergy - Le Haut;RER A,TRAIN L;MES;Ouvrage;01/03/2014;Effia;701;;687;;;;3;;12;10;PR labellisé MES;Payant;95127;Cergy;95 - Val-d'Oise;627672.7659999997;6883683.385999993;jop;Tous sites Paris 2024;A15;https://www.effia.com/parking/parking-cergy-pontoise-3-gares-effia;oui
48.931596373876, 2.495921754598;"{""coordinates"": [2.495921754598, 48.931596373876], ""type"": ""Point""}";1003;Parking relais AULNAY-SOUS-BOIS;AULNAY-SOUS-BOIS;11 boulevard Gallieni, 93600 AULNAY SOUS BOIS;405;Aulnay-sous-Bois;72646;Aulnay-sous-Bois;RER B,TRAIN K;MES;Ouvrage;;Effia;478;;;;;;;;;;PR non labellisé;;93005;Aulnay-sous-Bois;93 - Seine-Saint-Denis;663066.775721;6870293.52393;jop;Tous sites Paris 2024;A1;https://www.effia.com/parking/parking-gare-daulnay-sous-bois-pr-effia;oui
48.623358088884, 2.451999746092;"{""coordinates"": [2.451999746092, 48.623358088884], ""type"": ""Point""}";303;Parking relais BRAS DE FER;BRAS DE FER;Place du 19 Mars 1962, 91000 EVRY;204;Le Bras-de-Fer;60422;Le Bras de Fer;RER D;MES;Ouvrage;;Effia;130;;;;;;;;;;PR non labellisé;;91228;Évry-Courcouronnes;91 - Essonne;659597.236072;6836041.54267;jop;Tous sites Paris 2024;A5,A6;https://www.effia.com/parking/parking-gare-de-evry-bras-de-fer-effia;non
48.968198999986, 2.193109999999;"{""coordinates"": [2.19311, 48.96819899998657], ""type"": ""Point""}";545;Parking relais CORMEILLES-EN-PARISIS;CORMEILLES-EN-PARISIS;Rue de Nancy, 95240 CORMEILLES EN PARISIS;225;Cormeilles-en-Parisis;65399;Cormeilles-en-Parisis;TRAIN J;MES;Ouvrage;01/08/2021;Effia;304;;297;;;;3;;10;;PR labellisé MES;Gratuit SDPR;95176;Cormeilles-en-Parisis;95 - Val-d'Oise;640923.3012665994;6874552.017656942;jop;Tous sites Paris 2024;A15;https://www.effia.com/parking/parking-gare-cormeilles-en-parisis-pr-effia;non
49.034567309663, 2.700343898455;"{""coordinates"": [2.700343898455459, 49.0345673096639], ""type"": ""Point""}";71;Parking relais DAMMARTIN PASTEUR;DAMMARTIN PASTEUR;9 rue Pasteur, 77230 ST MARD;37;Dammartin - Juilly - Saint-Mard;69254;Dammartin - Juilly - Saint-Mard;TRAIN K;MES;Sol;04/11/2019;Effia;379;;372;;4;0;6;;4;;PR labellisé MES;Gratuit SDPR;77420;Saint-Mard;77 - Seine -et-Marne;678088.2670000001;6881672.561999996;jop;Tous sites Paris 2024;A1;https://www.effia.com/parking/parking-gare-de-dammartin-pasteur-pr-effia?orderType=default&entry=2023-08-04T17%3A15&exit=2023-08-04T18%3A15;oui
48.991637988137, 2.160468226562;"{""coordinates"": [2.160468226562958, 48.99163798813731], ""type"": ""Point""}";340;Parking relais GARE (HERBLAY);GARE (HERBLAY);Rue Etienne Fourmont, 95220 HERBLAY;227;Herblay;65897;Herblay;TRAIN J;MES;Ouvrage;01/01/2010;Effia;340;;340;;;;;;;;PR labellisé MES;Payant;95306;Herblay-sur-Seine;95 - Val-d'Oise;638561.2250000002;6877183.380000005;jop;Tous sites Paris 2024;A15;https://www.effia.com/parking/parking-gare-dherblay-effia;non
48.726576744936, 2.262253345685;"{""coordinates"": [2.262253345685, 48.726576744936], ""type"": ""Point""}";256;Parking relais Le Golf National, Château de Versailles MASSY TGV;MASSY TGV;38 avenue Carnot, 91300 MASSY;169;Massy-Palaiseau;63244;Massy - Palaiseau;RER B,RER C;MES;Ouvrage;;Effia;421;;;;;;;;;;PR non labellisé;;91377;Massy;91 - Essonne;645757.729369;6847633.10989;jop;Le Golf National,Château de Versailles;A6,A10,A11;https://www.effia.com/parking/parking-gare-de-massy-tgv-effia?gad=1&gclid=Cj0KCQjwoK2mBhDzARIsADGbjeoinw3sltNvzbEgTi7WYnUXS1sG9aZUjE93OoE4KuoAcFT0zp8vUhUaAlfLEALw_wcB;oui
48.700927888865, 2.166738579994;"{""coordinates"": [2.166738579994, 48.700927888865], ""type"": ""Point""}";324;Parking relais Le Golf National ORSAY CENTRE;ORSAY CENTRE;29 Boulevard Dubreuil, 91400 ORSAY;218;Orsay-Ville;62892;Orsay Ville;RER B;MES;Ouvrage;;Effia;330;;;;;;;;;;PR non labellisé;;91471;Orsay;91 - Essonne;639956.754688;6844504.2456;jop;Le Golf National;A10,A11;https://www.effia.com/parking/parking-orsay-centre-effia;oui
49.046254240392, 2.093006616516;"{""coordinates"": [2.09300661651603, 49.04625424039204], ""type"": ""Point""}";369;Parking relais PONTOISE CANROBERT;PONTOISE CANROBERT;26 Avenue du Maréchal Canrobert, 95300 PONTOISE;249;Pontoise;66816;Pontoise;RER C,TRAIN H,TRAIN J;MES;Ouvrage;01/06/2014;Effia;503;;490;;2;0;4;;24;25;PR labellisé MES;Gratuit SDPR;95500;Pontoise;95 - Val-d'Oise;633694.2119999999;6883311.546999998;jop;Tous sites Paris 2024;A15;https://www.effia.com/parking/parking-gare-de-pontoise-canrobert-pr-effia;oui
